{
	"Quick_Start_Guide/Creating_Sound_Effects.htm" : "qs_sound_effects",
	"Quick_Start_Guide/Creating_Sprites.htm" : "qs_sprites",
	"Quick_Start_Guide/Creating_Tile_Sets.htm" : "qs_tilesets",
	"Quick_Start_Guide/Drawing.htm" : "qs_drawing",
	"Quick_Start_Guide/Movement_And_Controls.htm" : "qs_movement_controls",
	"Quick_Start_Guide/Objects_And_Instances.htm" : "qs_objects_instances",
	"Quick_Start_Guide/Quick_Start_Guide.htm" : "quick_start",
	"Quick_Start_Guide/Rooms.htm" : "qs_rooms",
	"Quick_Start_Guide/Sequences.htm" : "qs_sequences",
	"Quick_Start_Guide/Summary.htm" : "qs_summary",
	"Quick_Start_Guide/What_Is_Programming_.htm" : "qs_programming",
	"Settings/Audio_Groups.htm" : "audio_groups",
	"Settings/Command_Line_Parameters.htm" : "command_line_params",
	"Settings/Configurations.htm" : "config_editor",
	"Settings/Game_Options.htm" : "game_settings",
	"Settings/Game_Settings.htm" : "game_settings",
	"Settings/Included_Files.htm" : "included_files",
	"Settings/Texture_Groups.htm" : "texture_groups",
	"Settings/The_Room_Manager.htm" : "room_manager",
	"Settings/Game_Options/Amazon_Fire.htm" : "amazon_options",
	"Settings/Game_Options/Android.htm" : "android_options",
	"Settings/Game_Options/HTML5.htm" : "html5_options",
	"Settings/Game_Options/iOS.htm" : "ios_options",
	"Settings/Game_Options/macOS.htm" : "game_settings,macos_options",
	"Settings/Game_Options/tvOS.htm" : "tvos_options",
	"Settings/Game_Options/Ubuntu.htm" : "ubuntu_options",
	"Settings/Game_Options/Windows.htm" : "windows_options",
	"Settings/Game_Options/Windows_UWP.htm" : "uwp_options",
	"Settings/Texture_Information/Texture_Pages.htm" : "texture_pages"
}
